genome	parameter	hmsc_trend
cmag_001	0.03177346068990441	increaser
cmag_002	-0.01884852684839909	decreaser
cmag_003	0.04496471572734821	increaser
cmag_004	0.04508196001086461	increaser
cmag_005	0.048972644668240285	increaser
cmag_006	-0.006370759298261662	decreaser
cmag_007	0.03910782197935551	increaser
cmag_008	0.003266347395773287	increaser
cmag_009	-0.025458483201829463	decreaser
cmag_010	-0.042982421609007754	decreaser
cmag_011	0.04220718825341281	increaser
cmag_012	NA	stable
cmag_013	0.040141409534698594	increaser
cmag_014	0.04662533881776143	increaser
cmag_015	0.03539534541741767	increaser
cmag_016	0.03391387268456332	increaser
cmag_017	0.03549544062439758	increaser
cmag_018	0.04234164148938214	increaser
cmag_019	0.015588782910292812	increaser
cmag_020	0.016891827155009323	increaser
cmag_021	0.028758608162687136	increaser
cmag_022	0.041022609647236995	increaser
cmag_023	-0.007153184194379013	decreaser
cmag_024	-0.017318713421719478	decreaser
cmag_025	-0.02366001909537785	decreaser
cmag_026	-0.05025968176011537	decreaser
cmag_027	0.05107583852460711	increaser
cmag_028	0.037413873395203016	increaser
cmag_029	0.03502453224106481	increaser
cmag_030	0.02863075457254871	increaser
cmag_031	0.007848052211350086	increaser
cmag_032	-0.013110936266477087	decreaser
cmag_033	0.0328398596779044	increaser
cmag_034	-0.025873399396614403	decreaser
cmag_035	-0.024226536207521358	decreaser
cmag_036	-0.027890086574141142	decreaser
cmag_037	NA	stable
cmag_038	-0.015999042323528594	decreaser
cmag_039	-0.018057844975722295	decreaser
cmag_040	-0.00923092118040076	decreaser
cmag_041	0.036508497934518255	increaser
cmag_042	NA	stable
cmag_043	0.005593020330819244	increaser
cmag_044	0.020737482575352437	increaser
cmag_045	0.015283491433485005	increaser
cmag_046	0.04589878294763284	increaser
cmag_047	NA	stable
cmag_048	-0.009517222115260002	decreaser
cmag_049	0.00904780605811026	increaser
cmag_050	-0.012490042036359495	decreaser
cmag_051	-0.005756474754720896	decreaser
cmag_052	0.0404017318959711	increaser
cmag_053	0.04748117078723254	increaser
cmag_054	0.04519721045957887	increaser
cmag_055	0.03025066421802662	increaser
cmag_056	0.02602726527919451	increaser
cmag_057	0.04991473678493934	increaser
cmag_058	0.04164161133315587	increaser
cmag_059	NA	stable
cmag_060	0.011420506563414607	increaser
cmag_061	0.025182790292758276	increaser
cmag_062	0.04053154021650704	increaser
cmag_063	NA	stable
cmag_064	-0.017631819367579453	decreaser
cmag_065	-0.019623682658529196	decreaser
cmag_066	NA	stable
cmag_067	0.03779514164448033	increaser
cmag_068	0.043006166032045455	increaser
cmag_069	0.03887091096611435	increaser
cmag_070	0.041063539794343885	increaser
cmag_071	-0.023127850238714217	decreaser
cmag_072	0.02345291753617056	increaser
cmag_073	0.018904224826285874	increaser
cmag_074	0.029797448717310226	increaser
cmag_075	0.02034967320936512	increaser
cmag_076	-0.012180981510115735	decreaser
cmag_077	0.03986239777303121	increaser
cmag_078	-0.004189278341624158	decreaser
cmag_079	-0.03152302823244093	decreaser
cmag_080	-0.045352695134106114	decreaser
cmag_081	-0.021186702355039486	decreaser
cmag_082	-0.025888683853912253	decreaser
cmag_083	0.04666032647083737	increaser
cmag_084	0.028596437261885585	increaser
cmag_085	0.04840159380113028	increaser
cmag_086	-0.018918960697464387	decreaser
cmag_087	-0.024770471955368484	decreaser
cmag_088	0.016242662833306307	increaser
cmag_089	-0.0190734935994391	decreaser
cmag_090	0.0429736008002666	increaser
cmag_091	-0.029211670937068127	decreaser
cmag_092	0.037285437067098436	increaser
cmag_093	NA	stable
cmag_094	-0.010704451744468343	decreaser
cmag_095	0.01585784143730066	increaser
cmag_096	-0.019992489770108687	decreaser
cmag_097	-0.029227335120163407	decreaser
cmag_098	-0.005022879621900681	decreaser
cmag_099	0.0055210229089242896	increaser
cmag_100	0.013453758550521153	increaser
cmag_101	-0.013294986702434829	decreaser
cmag_102	-0.0036657913584386805	decreaser
cmag_103	0.03516427565625855	increaser
cmag_104	0.048698434811866795	increaser
cmag_105	0.003961680371522626	increaser
cmag_106	0.04643390966631922	increaser
cmag_107	0.03989575998430105	increaser
cmag_108	0.043502667339505204	increaser
cmag_109	0.03895578660566903	increaser
cmag_110	0.03355027082478688	increaser
cmag_111	0.03394463117221938	increaser
cmag_112	0.009523570684200493	increaser
cmag_113	0.04774801721931017	increaser
cmag_114	0.03559211235351895	increaser
cmag_115	-0.007310973660543026	decreaser
cmag_116	0.04208143134583316	increaser
cmag_117	0.03896182077318606	increaser
cmag_118	0.011517962898791959	increaser
cmag_119	0.029083858468571634	increaser
cmag_120	-0.02495175334181386	decreaser
cmag_121	0.008079300386158412	increaser
cmag_122	-0.020971795066804886	decreaser
cmag_123	NA	stable
cmag_124	0.016443865224999226	increaser
cmag_125	0.0044964783666128745	increaser
cmag_126	-0.020140293148972314	decreaser
cmag_127	-0.034969472550822445	decreaser
cmag_128	-0.021026987446108	decreaser
cmag_129	-0.016638266266063354	decreaser
cmag_130	-0.019315599030668346	decreaser
cmag_131	0.05087758004207171	increaser
cmag_132	0.04033566518229382	increaser
cmag_133	0.008041189515477042	increaser
cmag_134	0.0211845968811688	increaser
cmag_135	0.03858898186935896	increaser
cmag_136	NA	stable
cmag_137	-0.011421342596372442	decreaser
cmag_138	-0.004248935737453643	decreaser
cmag_139	0.027688243618179918	increaser
cmag_140	0.03825494736807607	increaser
cmag_141	0.01527323938275066	increaser
cmag_142	0.02756104046194734	increaser
cmag_143	0.036983681092700754	increaser
cmag_144	0.04016225981953238	increaser
cmag_145	0.03434718381542485	increaser
cmag_146	-0.004818806466298336	decreaser
cmag_147	-0.025011054361719038	decreaser
cmag_148	0.033489940862950006	increaser
cmag_149	0.04280165665691035	increaser
cmag_150	0.0387518200645807	increaser
cmag_151	0.038340380815743	increaser
cmag_152	NA	stable
cmag_153	-0.015953635206978324	decreaser
cmag_154	-0.008402946749850529	decreaser
cmag_155	0.02330747023233378	increaser
cmag_156	0.038172523477095745	increaser
cmag_157	0.04635017826999222	increaser
cmag_158	0.03611559155843382	increaser
cmag_159	0.010904046110624451	increaser
cmag_160	-0.01695178207418392	decreaser
cmag_161	0.01829327332284748	increaser
cmag_162	-0.014065510280927597	decreaser
cmag_163	0.04253748473075579	increaser
cmag_164	0.04458164679827417	increaser
cmag_165	0.016041698613055863	increaser
cmag_166	-0.0070277484957688135	decreaser
cmag_167	-0.017503510370948137	decreaser
cmag_168	-0.013330229170603489	decreaser
cmag_169	0.031317957437406965	increaser
cmag_170	-0.03702132094869266	decreaser
cmag_171	0.017464938922148766	increaser
cmag_172	0.005666226937454599	increaser
cmag_173	-0.010288013241369244	decreaser
cmag_174	-0.018072017257438216	decreaser
cmag_175	-0.027604041456980297	decreaser
cmag_176	-0.011674608971012149	decreaser
cmag_177	-0.016301063043423027	decreaser
cmag_178	-0.007050328657688906	decreaser
cmag_179	-0.0034942977552560334	decreaser
cmag_180	0.004866967769227783	increaser
cmag_181	NA	stable
cmag_182	NA	stable
cmag_183	0.025375081870883887	increaser
cmag_184	-0.028279028938519427	decreaser
cmag_185	-0.02222227233610832	decreaser
cmag_186	-0.024416826158537058	decreaser
cmag_187	0.04891784708131375	increaser
cmag_188	0.04756876563017823	increaser
cmag_189	0.04977369380082156	increaser
cmag_190	0.03598188513684942	increaser
cmag_191	0.041431079082580244	increaser
cmag_192	0.03361410461577695	increaser
cmag_193	0.030937470519061868	increaser
cmag_194	0.04363502209709932	increaser
cmag_195	0.02213250077716879	increaser
cmag_196	0.0479838479802789	increaser
cmag_197	NA	stable
cmag_198	NA	stable
cmag_199	0.04350240844848676	increaser
cmag_200	NA	stable
cmag_201	-0.009947928208978355	decreaser
cmag_202	NA	stable
cmag_203	0.006282190817513254	increaser
cmag_204	0.0334545545590009	increaser
cmag_205	0.03241195667880088	increaser
cmag_206	0.03958496219417532	increaser
cmag_207	0.007309531345151127	increaser
cmag_208	0.046489322786169004	increaser
cmag_209	0.004096464111750104	increaser
cmag_210	0.04436690449863849	increaser
cmag_211	NA	stable
cmag_212	NA	stable
cmag_213	0.038541962956783846	increaser
cmag_214	0.01475268497337418	increaser
cmag_215	0.04634514219290866	increaser
cmag_216	0.056334749056943294	increaser
cmag_217	0.04254469919539137	increaser
cmag_218	0.0054357387122865464	increaser
cmag_219	-0.023834628118952126	decreaser
cmag_220	-0.002996801291070522	decreaser
cmag_221	0.031853533625890884	increaser
cmag_222	0.020404779273881124	increaser
cmag_223	0.0309598577847086	increaser
cmag_224	0.02642501620383861	increaser
cmag_225	0.012462614431006325	increaser
cmag_226	-0.007443884344879312	decreaser
cmag_227	NA	stable
cmag_228	-0.022634580745135368	decreaser
cmag_229	0.0066344335819516435	increaser
cmag_230	0.03720553744981166	increaser
cmag_231	-0.019195713685742334	decreaser
cmag_232	0.03540444830516721	increaser
cmag_233	-0.013125080683076896	decreaser
cmag_234	0.03393584434162124	increaser
cmag_235	-0.014078640246552032	decreaser
cmag_236	0.025641653258287163	increaser
cmag_237	0.016867781842410803	increaser
cmag_238	-0.027518676085773717	decreaser
cmag_239	0.036683674393853	increaser
cmag_240	-0.01747605847866857	decreaser
cmag_241	0.012544569095722428	increaser
cmag_242	0.0355666135601033	increaser
cmag_243	0.032481409902809656	increaser
cmag_244	0.016999496679333235	increaser
cmag_245	-0.008565148537712612	decreaser
cmag_246	0.009570101395792093	increaser
cmag_247	NA	stable
cmag_248	0.0262247848455512	increaser
cmag_249	0.04651993980170248	increaser
cmag_250	0.03822464269555711	increaser
cmag_251	0.025958956813237604	increaser
cmag_252	0.034477434809912035	increaser
cmag_253	NA	stable
cmag_254	0.02651433269297927	increaser
cmag_255	-0.03259050250964458	decreaser
cmag_256	0.01276957591861576	increaser
cmag_257	0.0375124553815463	increaser
cmag_258	0.004785868067649083	increaser
cmag_259	0.01215374809862102	increaser
cmag_260	0.017447916410671643	increaser
cmag_261	0.03523494996104668	increaser
cmag_262	0.01354951456171136	increaser
cmag_263	0.045736126031747	increaser
cmag_264	0.04285548084132458	increaser
cmag_265	0.012770676386642808	increaser
cmag_266	-0.022018985583729684	decreaser
cmag_267	0.01580450942640493	increaser
cmag_268	0.009168607493255267	increaser
cmag_269	0.011289031953956962	increaser
cmag_270	-0.006133891800452709	decreaser
cmag_271	NA	stable
cmag_272	0.039062734270210675	increaser
cmag_273	0.030123710573078007	increaser
cmag_275	0.04423940171330326	increaser
cmag_276	0.044354830464108846	increaser
cmag_277	0.019017867506703007	increaser
cmag_278	0.007361960381251326	increaser
cmag_279	0.05716411770230786	increaser
cmag_280	0.041878819906093885	increaser
cmag_281	NA	stable
cmag_282	0.029548949513189534	increaser
cmag_283	0.03244699370969483	increaser
cmag_284	0.04432885905658318	increaser
cmag_285	0.02102706743286535	increaser
cmag_286	0.03888087916882934	increaser
cmag_287	0.04322925572244753	increaser
cmag_288	NA	stable
cmag_289	0.00842974977817058	increaser
cmag_290	0.04490610882749918	increaser
cmag_291	-0.01895719740136563	decreaser
cmag_292	NA	stable
cmag_293	0.032703007655995216	increaser
cmag_294	0.04580745997176831	increaser
cmag_295	-0.02871300756592098	decreaser
cmag_296	0.009563653590076155	increaser
cmag_297	0.018406405791588275	increaser
cmag_298	-0.022950805705676994	decreaser
cmag_299	0.027378206947814093	increaser
cmag_300	0.023287164294129123	increaser
cmag_301	0.04936772795446635	increaser
cmag_302	0.04446862856866925	increaser
cmag_303	0.04659529554863821	increaser
cmag_304	-0.008579697152935899	decreaser
cmag_305	0.03374269189109977	increaser
cmag_306	0.01505925357409141	increaser
cmag_307	0.04230975136689688	increaser
cmag_308	-0.013313536048179055	decreaser
cmag_309	0.004041839336607457	increaser
cmag_310	0.01020923021662437	increaser
cmag_311	0.04048650798802715	increaser
cmag_312	0.033263258769924996	increaser
cmag_313	0.03529233329400056	increaser
cmag_314	0.03705057295809127	increaser
cmag_315	-0.02073512195258432	decreaser
cmag_316	0.039299753668549	increaser
cmag_317	0.037293752558486624	increaser
cmag_318	0.04540420745226688	increaser
cmag_319	0.04423715777131594	increaser
cmag_320	0.004627956633562357	increaser
cmag_321	0.016390130963468363	increaser
cmag_322	-0.011783834941510437	decreaser
cmag_323	0.024328875004449177	increaser
cmag_324	-0.0073134447211505365	decreaser
cmag_325	-0.009933516685352166	decreaser
cmag_326	-0.022490726539832806	decreaser
cmag_327	-0.01085756687478015	decreaser
cmag_328	0.03784378184273831	increaser
cmag_329	-0.02040955757782175	decreaser
cmag_330	-0.013275260769997334	decreaser
cmag_331	0.04826094169562797	increaser
cmag_332	NA	stable
cmag_333	0.009233324926994083	increaser
cmag_334	0.040698439175729045	increaser
cmag_335	0.014261924885984753	increaser
cmag_336	0.034936426721742374	increaser
cmag_337	-0.006729938509995672	decreaser
cmag_338	-0.030444504878862667	decreaser
cmag_339	-0.018256152991404782	decreaser
cmag_340	0.027107946767382263	increaser
cmag_341	-0.011878969869939946	decreaser
cmag_342	0.02969858371043659	increaser
cmag_343	-0.00340939035572793	decreaser
cmag_344	0.012236632395695102	increaser
cmag_345	-0.01919344603418053	decreaser
cmag_346	0.011941691410377053	increaser
cmag_347	NA	stable
cmag_348	0.04181525932883613	increaser
cmag_349	-0.03148063877577569	decreaser
cmag_350	0.04147016898019923	increaser
cmag_351	0.01949228368407887	increaser
cmag_352	0.0068083709928537075	increaser
cmag_353	0.04231919875441894	increaser
cmag_354	0.03555470693865683	increaser
cmag_355	-0.013265285948349238	decreaser
cmag_356	0.0435250124221424	increaser
cmag_357	0.03991067882845773	increaser
cmag_358	0.04568028610807196	increaser
cmag_359	0.014245040975525057	increaser
cmag_360	0.021442553258286177	increaser
cmag_361	-0.04165038742676781	decreaser
cmag_362	0.036641255656472686	increaser
cmag_363	0.04128694129389957	increaser
cmag_364	-0.0035145464467954586	decreaser
cmag_365	0.04886243765975397	increaser
cmag_366	0.0453107757849232	increaser
cmag_367	0.039788430624542716	increaser
cmag_368	0.04697263103284561	increaser
cmag_369	0.034451485235166834	increaser
cmag_370	NA	stable
cmag_371	NA	stable
cmag_372	0.037008563666867035	increaser
cmag_373	0.012918783246877636	increaser
cmag_374	0.015346710727166079	increaser
cmag_375	NA	stable
cmag_376	0.01563139726127441	increaser
cmag_377	0.016273276274771476	increaser
cmag_378	0.036297973787650616	increaser
cmag_379	0.012865212916976222	increaser
cmag_380	0.03148903365040662	increaser
cmag_381	0.038012818818892145	increaser
cmag_382	0.031386381310229555	increaser
cmag_383	0.031780541265248985	increaser
cmag_384	0.03965787426314335	increaser
cmag_385	0.037827068434202964	increaser
cmag_386	0.035142202676698195	increaser
cmag_387	0.03981867869155596	increaser
cmag_388	0.04807364634254847	increaser
cmag_389	0.04605660065741084	increaser
cmag_390	0.03863947952798293	increaser
cmag_391	0.03038543264152379	increaser
cmag_392	NA	stable
cmag_393	-0.01077741778738891	decreaser
cmag_394	0.0063833890666321605	increaser
cmag_395	NA	stable
cmag_396	0.03784363575047383	increaser
cmag_397	0.04085559002653462	increaser
cmag_398	0.03733025954899949	increaser
cmag_399	0.037526610267132006	increaser
cmag_400	-0.012689925727651817	decreaser
cmag_401	0.027423414359923282	increaser
cmag_402	0.046098649604192944	increaser
cmag_403	-0.021622901629163103	decreaser
cmag_404	0.030534377391772914	increaser
cmag_405	0.007565755528865732	increaser
cmag_406	0.01398892093821286	increaser
cmag_407	0.03695280893971139	increaser
cmag_408	0.04038194575882677	increaser
cmag_409	-0.019154854259501582	decreaser
cmag_410	-0.006285360660567583	decreaser
cmag_411	0.035034159790390706	increaser
cmag_412	0.039087443720642004	increaser
cmag_413	0.023934460453538857	increaser
cmag_414	0.034770646823607865	increaser
cmag_415	0.04001533404200796	increaser
cmag_416	0.045695225926759495	increaser
cmag_417	-0.00934126684966583	decreaser
cmag_418	-0.02233678475111877	decreaser
cmag_419	-0.019572116234593803	decreaser
cmag_420	0.03884939193727758	increaser
cmag_421	0.0069125467441151596	increaser
cmag_422	0.0469356952511947	increaser
cmag_423	NA	stable
cmag_424	0.047942687920866554	increaser
cmag_425	0.016422517779756573	increaser
cmag_426	-0.026087854944819532	decreaser
cmag_427	-0.026250160435058997	decreaser
cmag_428	0.04152370296150178	increaser
cmag_429	-0.005013673868040731	decreaser
cmag_431	0.006782226168172499	increaser
cmag_432	NA	stable
cmag_433	NA	stable
cmag_434	0.05304187410786055	increaser
cmag_435	0.04711841370111522	increaser
cmag_436	0.04440538526908355	increaser
cmag_437	0.043551698802803136	increaser
cmag_438	0.037390766059897974	increaser
cmag_439	0.052146368409388154	increaser
cmag_440	0.01805038535507002	increaser
cmag_441	NA	stable
cmag_442	-0.009695184509528878	decreaser
cmag_443	0.035773805382490365	increaser
cmag_444	0.03341198409831716	increaser
cmag_445	-0.009049179335326332	decreaser
cmag_446	0.007029021229861336	increaser
cmag_447	0.007848484674529312	increaser
cmag_448	NA	stable
cmag_449	0.02991488838114827	increaser
cmag_450	0.031763550660073345	increaser
cmag_451	NA	stable
cmag_452	-0.014825985517797229	decreaser
cmag_453	-0.010776967096218257	decreaser
cmag_454	0.033944815373973924	increaser
cmag_455	NA	stable
cmag_456	0.03646921292850752	increaser
cmag_457	0.044312299985806144	increaser
cmag_458	0.03863600830331433	increaser
cmag_459	0.023215115891671582	increaser
cmag_460	-0.011488640733356306	decreaser
cmag_461	0.010191871193688758	increaser
cmag_462	0.03680001607587388	increaser
cmag_463	-0.007153415281834491	decreaser
cmag_464	0.008209649449427127	increaser
cmag_465	0.030511519482088557	increaser
cmag_466	0.009994166480307142	increaser
cmag_467	0.04354292067949476	increaser
cmag_468	0.04515858814356015	increaser
cmag_469	-0.0146364324154187	decreaser
cmag_470	0.003536592721467371	increaser
cmag_471	0.017166825060779267	increaser
cmag_472	-0.028909327767546143	decreaser
cmag_473	0.02201156939566623	increaser
cmag_474	0.048416101888736046	increaser
cmag_475	0.040953526729063265	increaser
cmag_476	0.009802996865377734	increaser
cmag_477	-0.012717081225866048	decreaser
cmag_478	0.029477286814168165	increaser
cmag_479	0.018605875553780724	increaser
cmag_480	-0.03843719652835144	decreaser
cmag_481	0.029751492757802915	increaser
cmag_482	0.007413792204197918	increaser
cmag_483	0.025361035561165608	increaser
cmag_484	NA	stable
cmag_485	0.024081552529746794	increaser
cmag_486	0.043156916514065016	increaser
cmag_487	NA	stable
cmag_488	-0.05217920878654714	decreaser
cmag_489	0.028518473316070634	increaser
cmag_490	-0.01896522687001605	decreaser
cmag_491	NA	stable
cmag_492	0.016546234445102122	increaser
cmag_493	0.016447339760042465	increaser
cmag_494	-0.03804910681347148	decreaser
cmag_495	0.04297853304928717	increaser
cmag_496	0.017540254745407442	increaser
cmag_497	0.04758046301476503	increaser
cmag_498	0.02388723246399555	increaser
cmag_499	0.015700015019062694	increaser
cmag_500	0.011262764469617855	increaser
cmag_501	0.01963406607728842	increaser
cmag_502	0.007348187527482944	increaser
cmag_503	0.019452021656612136	increaser
cmag_504	-0.007288876673542628	decreaser
cmag_505	0.02795079309489902	increaser
cmag_506	0.03759462000063129	increaser
cmag_507	0.018501105874070597	increaser
cmag_508	0.009623850660389696	increaser
cmag_509	0.006219376213540386	increaser
cmag_510	-0.008653141287177304	decreaser
cmag_511	0.04057746581793225	increaser
cmag_512	0.0416930119262949	increaser
cmag_513	0.04445416506723363	increaser
cmag_514	0.03251381232080001	increaser
cmag_515	0.01812041589096437	increaser
cmag_516	0.04895600077031824	increaser
cmag_517	0.02990418527781485	increaser
cmag_518	0.031073393492907005	increaser
cmag_519	0.012449149097429427	increaser
cmag_520	0.04788875860363885	increaser
cmag_521	0.03913467345513134	increaser
cmag_522	0.04696556063897621	increaser
cmag_523	0.04804820180128192	increaser
cmag_524	0.024209283926005076	increaser
cmag_525	0.006798083269515712	increaser
cmag_526	0.04184226693417274	increaser
cmag_527	0.037219575000685484	increaser
cmag_528	0.03321327586310663	increaser
cmag_529	0.05175926242102918	increaser
cmag_530	0.046153199647413115	increaser
cmag_531	0.0078113273932435175	increaser
cmag_532	-0.016614888343710398	decreaser
cmag_533	0.0115741787650855	increaser
cmag_534	0.0420256886794441	increaser
cmag_535	0.03611193146025256	increaser
cmag_536	0.024937286569093116	increaser
cmag_537	-0.016762841704656622	decreaser
cmag_538	0.0031518061383634705	increaser
cmag_539	0.0437974076471238	increaser
cmag_540	0.016411111187449628	increaser
cmag_541	0.03348468101839566	increaser
cmag_542	-0.004008142819117946	decreaser
cmag_543	0.0059333052620552445	increaser
cmag_544	0.026752382142779692	increaser
cmag_545	-0.009821739817844096	decreaser
cmag_546	0.01927355943508285	increaser
cmag_547	0.0349105295439303	increaser
cmag_548	0.04521715935129393	increaser
cmag_549	0.039935498138670325	increaser
cmag_550	0.02409953132547082	increaser
cmag_551	0.017920577457112587	increaser
cmag_552	0.034495896274261396	increaser
cmag_553	0.024016781485804075	increaser
cmag_555	0.041366737917356136	increaser
cmag_556	0.04220715860617863	increaser
cmag_557	0.03495987773203006	increaser
cmag_558	0.03458746356874172	increaser
cmag_559	0.03477618884159337	increaser
cmag_560	0.013024661956067673	increaser
cmag_561	0.047651420910796195	increaser
cmag_562	0.03599569731641489	increaser
cmag_563	0.025702910804648853	increaser
cmag_564	-0.030558049563677095	decreaser
cmag_565	-0.016821500544805086	decreaser
cmag_566	-0.013541159084046111	decreaser
cmag_567	-0.02429054688900809	decreaser
cmag_568	-0.02201375554893759	decreaser
cmag_569	-0.01751870843486518	decreaser
cmag_570	-0.033860105545974364	decreaser
cmag_571	0.0040645586262270965	increaser
cmag_572	0.021657286020276046	increaser
cmag_573	-0.028469333065438023	decreaser
cmag_574	0.03814403675343314	increaser
cmag_575	0.04586173508159141	increaser
cmag_576	-0.02239941693345972	decreaser
cmag_577	-0.027654368126938306	decreaser
cmag_578	0.03186101019757032	increaser
cmag_579	0.04719417616216866	increaser
cmag_580	0.03295471527793196	increaser
cmag_581	0.029293007821192544	increaser
cmag_582	0.04813547077893187	increaser
cmag_583	-0.0166260677913145	decreaser
cmag_584	NA	stable
cmag_585	0.04543049355504775	increaser
cmag_586	0.026414815749188216	increaser
cmag_587	0.010184537567531522	increaser
cmag_588	0.036625880287199805	increaser
cmag_589	0.006322192425285956	increaser
cmag_590	0.028152802497644753	increaser
cmag_591	0.02155159857963237	increaser
cmag_592	-0.039531531227527575	decreaser
cmag_593	0.02311819157582264	increaser
cmag_594	-0.01887886544678211	decreaser
cmag_595	0.030664221808107014	increaser
cmag_596	0.033675824525053126	increaser
cmag_597	-0.01039951864394639	decreaser
cmag_598	0.028087427286166696	increaser
cmag_599	0.03970449839028978	increaser
cmag_600	0.031562514908216883	increaser
cmag_601	-0.03486419841867451	decreaser
cmag_602	NA	stable
cmag_603	-0.01735509090158074	decreaser
cmag_604	-0.027195636265594667	decreaser
cmag_605	-0.00656015273072959	decreaser
cmag_606	0.02187470299947522	increaser
cmag_607	-0.020349534276846836	decreaser
cmag_608	0.03270185951835059	increaser
cmag_609	0.03754096722495387	increaser
cmag_610	0.050260367027027686	increaser
cmag_611	0.05117469351437704	increaser
cmag_612	0.012573234424686325	increaser
cmag_613	0.02830617466090087	increaser
cmag_614	0.053019157601868074	increaser
cmag_615	0.03512074210300635	increaser
cmag_616	0.013598079370653968	increaser
cmag_617	0.0285988707478828	increaser
cmag_618	0.045149206242379544	increaser
cmag_619	0.04150741703556814	increaser
cmag_620	0.04575580415843987	increaser
cmag_621	-0.010220269940323155	decreaser
cmag_622	NA	stable
cmag_623	NA	stable
cmag_624	-0.021490059145524286	decreaser
cmag_625	-0.015745220322398217	decreaser
cmag_626	0.014513724444574752	increaser
cmag_627	NA	stable
cmag_628	-0.03342715624138007	decreaser
cmag_629	0.017090333223414817	increaser
cmag_630	0.030829014746553796	increaser
cmag_631	0.041824866979646665	increaser
cmag_632	0.014430423290507975	increaser
cmag_633	0.04653355349746387	increaser
cmag_634	0.017867128506313595	increaser
cmag_635	0.043724678433671296	increaser
cmag_636	0.0402032370932703	increaser
cmag_637	0.01607596356841496	increaser
cmag_638	0.042881643738591234	increaser
cmag_639	0.04217791297433649	increaser
cmag_640	-0.019368441136376136	decreaser
cmag_641	-0.022821891017373388	decreaser
cmag_642	0.03269131203769643	increaser
cmag_643	0.04926170606408084	increaser
cmag_644	0.02126137074158939	increaser
cmag_645	0.03408815407694716	increaser
cmag_646	0.046527700945094314	increaser
cmag_647	-0.020072066182309663	decreaser
cmag_648	0.03323065160864307	increaser
cmag_649	0.031113725206307008	increaser
cmag_650	0.04447760937280435	increaser
cmag_651	0.03115399112529397	increaser
cmag_652	0.04749294683875609	increaser
cmag_653	0.0382954766796385	increaser
cmag_654	0.027655176864864142	increaser
cmag_655	0.04692530667795341	increaser
cmag_656	0.047918145865934056	increaser
cmag_657	0.04252131268353113	increaser
cmag_658	0.029598319400636418	increaser
cmag_659	0.046271303913111704	increaser
cmag_660	0.015178856870227127	increaser
cmag_661	0.04256785663785138	increaser
cmag_662	0.044123755645416145	increaser
cmag_663	0.006633855816028588	increaser
cmag_664	0.027578529288311532	increaser
cmag_665	-0.009799613398113352	decreaser
cmag_666	0.0393607637065199	increaser
cmag_667	0.02588402209612564	increaser
cmag_668	0.010971784177811892	increaser
cmag_669	-0.005044046099094155	decreaser
cmag_670	0.04714891774104496	increaser
cmag_671	0.045786423942464134	increaser
cmag_672	0.01972085482443876	increaser
cmag_673	-0.029704206425370885	decreaser
cmag_674	-0.011351145919920069	decreaser
cmag_675	-0.024945756234022863	decreaser
cmag_676	-0.0047251691986725216	decreaser
cmag_677	-0.013420584650636516	decreaser
cmag_678	0.010329562202241755	increaser
cmag_679	0.03084330276689159	increaser
cmag_680	0.01232348728596929	increaser
cmag_681	0.03580039680844726	increaser
cmag_682	0.0372712566536962	increaser
cmag_683	0.040949494689568655	increaser
cmag_684	NA	stable
cmag_685	0.023567787322276445	increaser
cmag_686	0.04682456819432205	increaser
cmag_687	0.045815645496389945	increaser
cmag_688	0.04822859800531576	increaser
cmag_689	0.04392204283808718	increaser
cmag_690	0.009585972843468364	increaser
cmag_691	0.018194983760239133	increaser
cmag_692	0.045531729060390345	increaser
cmag_693	0.006915382698089156	increaser
cmag_694	0.03168876377239417	increaser
cmag_695	-0.002858978513450822	decreaser
cmag_696	0.019680451227006592	increaser
cmag_697	0.04156199255703218	increaser
cmag_698	-0.02036481275588995	decreaser
cmag_699	NA	stable
cmag_700	-0.017644460951788548	decreaser
cmag_701	0.02300055887945403	increaser
cmag_702	-0.03842400803564711	decreaser
cmag_703	0.02006314679706022	increaser
cmag_704	0.017213232159183623	increaser
cmag_705	NA	stable
cmag_706	-0.010073594938794086	decreaser
cmag_707	-0.008361152704495457	decreaser
cmag_708	NA	stable
cmag_709	-0.014980799503320753	decreaser
cmag_710	-0.006230895085492387	decreaser
cmag_711	NA	stable
cmag_712	NA	stable
cmag_713	-0.04017871026047217	decreaser
cmag_714	0.004232228426507726	increaser
cmag_715	-0.004998937008724274	decreaser
cmag_716	0.04735033016727087	increaser
cmag_717	0.04637485194380166	increaser
cmag_718	0.04562140266141555	increaser
cmag_719	0.04805231050242371	increaser
cmag_720	0.029797585351748	increaser
cmag_721	0.012529600564967706	increaser
cmag_722	0.031600716236438176	increaser
cmag_723	0.018945248254327144	increaser
cmag_724	0.02205273397741565	increaser
cmag_725	0.014897842254124232	increaser
cmag_726	0.04035609699842658	increaser
cmag_727	-0.0040395726497773335	decreaser
cmag_728	0.028137892172080965	increaser
cmag_729	0.017300205142612775	increaser
cmag_730	0.04627821773567105	increaser
cmag_731	-0.019172406087523824	decreaser
cmag_732	-0.018538010278465116	decreaser
cmag_733	0.0413542778186929	increaser
cmag_734	0.03601164642221864	increaser
cmag_735	0.03929046679504249	increaser
cmag_736	0.03163325348050845	increaser
cmag_737	-0.028010098396772647	decreaser
cmag_738	-0.010075330843492127	decreaser
cmag_739	NA	stable
cmag_740	0.02109623391250482	increaser
cmag_741	0.05043217034326171	increaser
cmag_742	-0.006696187870302667	decreaser
cmag_743	0.02194523667151958	increaser
cmag_744	0.03956319803170526	increaser
cmag_745	0.021867845270067892	increaser
cmag_746	-0.016073789295509865	decreaser
cmag_747	0.022819949724078633	increaser
cmag_748	0.026631710805216303	increaser
cmag_749	0.010711732750508653	increaser
cmag_750	-0.023549271540085966	decreaser
cmag_751	-0.01609446278679883	decreaser
cmag_752	-0.0258801979889193	decreaser
cmag_753	0.04397677569798648	increaser
cmag_754	NA	stable
cmag_755	0.044700402563952454	increaser
cmag_756	0.029757556277572848	increaser
cmag_757	0.03671549651856286	increaser
cmag_758	0.01683969361521275	increaser
cmag_759	0.01375887646175244	increaser
cmag_760	0.044387797947398604	increaser
cmag_761	0.04809786938939737	increaser
cmag_762	0.04082675299484156	increaser
cmag_763	0.03873708019342041	increaser
cmag_764	0.01710603375897131	increaser
cmag_765	0.03476216446141294	increaser
cmag_766	0.0070773352024320075	increaser
cmag_767	0.04665128817628515	increaser
cmag_768	0.025354048660097103	increaser
cmag_769	0.03981354071629945	increaser
cmag_770	0.01773779861072665	increaser
cmag_771	0.047169633062764046	increaser
cmag_772	0.03217346802388703	increaser
cmag_773	0.04052460046154879	increaser
cmag_774	0.04660478694797361	increaser
cmag_775	-0.019318962007148076	decreaser
cmag_776	0.02681884331040355	increaser
cmag_777	-0.016972291914523912	decreaser
cmag_778	-0.019153536509750088	decreaser
cmag_779	0.04586061900333021	increaser
cmag_780	0.04595957323580748	increaser
cmag_781	0.038015878855779735	increaser
cmag_782	-0.018539864888415466	decreaser
cmag_783	0.016512456751209124	increaser
cmag_784	NA	stable
cmag_785	0.03057685091578168	increaser
cmag_786	-0.022567950739344457	decreaser
cmag_787	0.03622450992022133	increaser
cmag_788	NA	stable
cmag_789	-0.009425468580689511	decreaser
cmag_790	-0.006331658655970136	decreaser
cmag_791	-0.024869383618015505	decreaser
cmag_792	0.03549304318097377	increaser
cmag_793	-0.010441500856291992	decreaser
cmag_794	0.02255981362037857	increaser
cmag_795	NA	stable
cmag_796	0.02148937422627775	increaser
cmag_797	-0.016691895681895424	decreaser
cmag_798	-0.003993453033091247	decreaser
cmag_799	-0.0058847924926598094	decreaser
cmag_800	0.008603816943156938	increaser
cmag_801	0.01887640857639787	increaser
cmag_802	-0.004636792259391575	decreaser
cmag_803	0.03581798980146273	increaser
cmag_804	0.026607208718406692	increaser
cmag_805	-0.005304427931614262	decreaser
cmag_806	0.03307616648430238	increaser
cmag_807	0.021050945521387636	increaser
cmag_808	0.036255824099829866	increaser
cmag_809	-0.01701948978035646	decreaser
cmag_810	0.040898753391884264	increaser
cmag_811	0.04811300816776055	increaser
cmag_812	0.025893953818156696	increaser
cmag_813	0.024615186979799548	increaser
cmag_814	0.0112163865377689	increaser
cmag_815	0.03844561670392395	increaser
cmag_816	NA	stable
cmag_817	0.025468233804579417	increaser
cmag_818	0.03616014438740106	increaser
cmag_819	0.037681721908484796	increaser
cmag_820	0.037670893364516365	increaser
cmag_821	0.0346012871911335	increaser
cmag_822	-0.005362501337167178	decreaser
cmag_823	0.013682998443571891	increaser
cmag_824	-0.037030233459570065	decreaser
cmag_825	-0.02437014725827925	decreaser
